serial,product,batch
UNIT-DEMO-0001,,
UNIT-DEMO-0002,,
UNIT-DEMO-0003,,
UNIT-DEMO-0004,,
UNIT-DEMO-0005,,
UNIT-DEMO-0006,,
UNIT-DEMO-0007,,
UNIT-DEMO-0008,,
UNIT-DEMO-0009,,
UNIT-DEMO-0010,,
UNIT-DEMO-0011,,
UNIT-DEMO-0012,,
UNIT-DEMO-0013,,
UNIT-DEMO-0014,,
UNIT-DEMO-0015,,
UNIT-DEMO-0016,,
UNIT-DEMO-0017,,
UNIT-DEMO-0018,,
UNIT-DEMO-0019,,
UNIT-DEMO-0020,,
UNIT-DEMO-0021,,
UNIT-DEMO-0022,,
UNIT-DEMO-0023,,
UNIT-DEMO-0024,,
UNIT-DEMO-0025,,
UNIT-DEMO-0026,,
UNIT-DEMO-0027,,
UNIT-DEMO-0028,,
UNIT-DEMO-0029,,
UNIT-DEMO-0030,,
UNIT-DEMO-0031,,
UNIT-DEMO-0032,,
UNIT-DEMO-0033,,
UNIT-DEMO-0034,,
UNIT-DEMO-0035,,
UNIT-DEMO-0036,,
UNIT-DEMO-0037,,
UNIT-DEMO-0038,,
UNIT-DEMO-0039,,
UNIT-DEMO-0040,,
UNIT-DEMO-0041,,
UNIT-DEMO-0042,,
UNIT-DEMO-0043,,
UNIT-DEMO-0044,,
UNIT-DEMO-0045,,
UNIT-DEMO-0046,,
UNIT-DEMO-0047,,
UNIT-DEMO-0048,,
UNIT-DEMO-0049,,
UNIT-DEMO-0050,,
